id,name,course,cgpa,mobilenumber,mail
1,Baxy Litherland,Science,3.59,742-177-7765,blitherland0@youtu.be
2,Iolanthe McCarlich,English,0.02,600-992-5020,imccarlich1@fema.gov
3,Jeniffer Labes,History,1.55,126-887-3940,jlabes2@parallels.com
4,Hertha Nutting,Science,2.17,186-266-2781,hnutting3@dropbox.com
5,Chantal Spellicy,Science,1.15,510-304-8560,cspellicy4@gizmodo.com
6,Dallas Seabourne,Science,1.84,407-664-6520,dseabourne5@java.com
7,Millicent Stickles,Math,3.72,865-753-8292,mstickles6@chron.com
8,Katlin Gillani,Science,0.01,792-404-9506,kgillani7@dyndns.org
9,Adelheid Okenden,Science,1.99,795-646-5970,aokenden8@accuweather.com
10,Mata Yeardley,Math,3.67,235-976-3104,myeardley9@usa.gov
11,Jeannie Borrel,English,0.6,772-234-2134,jborrela@skyrock.com
12,Wakefield Skouling,History,3.11,969-360-6500,wskoulingb@boston.com
13,Ward Scobie,Math,1.54,821-571-8616,wscobiec@behance.net
14,Bartolomeo Rebanks,English,0.89,449-337-6176,brebanksd@businessweek.com
15,Kristy Lowde,History,2.84,154-983-5476,klowdee@redcross.org
16,Daron Donett,Math,2.55,116-437-4806,ddonettf@si.edu
17,Easter Scad,History,0.06,191-672-3820,escadg@samsung.com
18,Violette Kearley,Math,2.2,863-423-5388,vkearleyh@google.com
19,Arel Simpkins,History,0.21,304-642-4559,asimpkinsi@whitehouse.gov
20,Carolina Loft,History,2.13,927-982-2153,cloftj@meetup.com
21,Chadwick Betteriss,Math,2.64,478-807-0139,cbetterissk@tinyurl.com
22,Elliot Habishaw,English,1.01,306-919-9704,ehabishawl@mtv.com
23,Gertrudis Matzl,Science,2.59,651-854-7494,gmatzlm@skyrock.com
24,Berthe Duckworth,History,1.55,391-188-8571,bduckworthn@webmd.com
25,Thelma Free,Science,1.19,536-371-5389,tfreeo@jalbum.net
26,Ara Davidovicz,English,0.59,470-355-2381,adavidoviczp@ifeng.com
27,Jeanette Coop,Math,1.9,295-543-6345,jcoopq@noaa.gov
28,Vance Ferrant,Science,1.1,457-369-7054,vferrantr@chronoengine.com
29,Leland Aizikov,Science,0.84,987-915-3882,laizikovs@comsenz.com
30,Cobb Hurn,English,1.97,504-467-2455,churnt@google.ca
31,Valentine Rounsivall,Math,2.73,468-111-3090,vrounsivallu@123-reg.co.uk
32,Parnell Shenfisch,Math,1.09,438-898-1317,pshenfischv@example.com
33,Dolores Piddocke,Science,0.9,816-228-8197,dpiddockew@mlb.com
34,Adelina Blance,History,1.52,731-241-5325,ablancex@unesco.org
35,Ashli Thebe,History,3.49,262-440-6129,athebey@whitehouse.gov
36,Davita Rumbold,History,2.07,481-348-5839,drumboldz@blogs.com
37,Ginger Alvarado,Math,1.74,778-588-7661,galvarado10@over-blog.com
38,Tansy Staining,Math,0.77,430-310-5151,tstaining11@google.co.uk
39,Patrice Readshaw,History,3.53,271-641-2000,preadshaw12@bigcartel.com
40,Lorette Sawle,Science,1.25,507-756-5889,lsawle13@mlb.com
41,Sophronia Clemmitt,Math,1.92,354-829-2625,sclemmitt14@mediafire.com
42,Sherri Djurkovic,History,0.63,275-253-4583,sdjurkovic15@delicious.com
43,Dare Clawson,Science,2.57,110-266-7302,dclawson16@bbc.co.uk
44,Osgood Barribal,Science,2.34,234-293-7152,obarribal17@phpbb.com
45,Corena Silverthorn,Math,2.28,968-823-2178,csilverthorn18@dyndns.org
46,Barris Kobpac,Math,2.56,614-656-3131,bkobpac19@illinois.edu
47,Phillie Wyd,Science,0.27,821-611-1170,pwyd1a@pcworld.com
48,Nicolea Kubal,History,0.99,770-370-5851,nkubal1b@disqus.com
49,Hewie Jope,Math,3.44,848-987-6284,hjope1c@shinystat.com
50,Marisa Pacht,Math,3.11,714-857-2568,mpacht1d@fc2.com
51,Magnum Swedeland,Science,1.77,707-131-2220,mswedeland1e@nyu.edu
52,Flossi Sawer,Math,3.16,514-872-1574,fsawer1f@naver.com
53,Emmy Daud,English,2.17,134-404-0123,edaud1g@rambler.ru
54,Bram Spores,Science,0.33,326-538-1304,bspores1h@ft.com
55,Chicky Grahamslaw,History,3.89,237-685-2842,cgrahamslaw1i@technorati.com
56,Malia Spellward,English,0.8,382-720-5743,mspellward1j@usatoday.com
57,Roxie Heephy,Science,3.42,289-878-8352,rheephy1k@elegantthemes.com
58,Arnold Kubis,Science,3.77,427-798-9515,akubis1l@hatena.ne.jp
59,Nigel Lapere,Science,3.27,592-727-8123,nlapere1m@globo.com
60,Monro Dunphie,Science,0.8,688-409-6750,mdunphie1n@tmall.com
61,Leo Cossans,Math,1.94,989-785-1073,lcossans1o@oaic.gov.au
62,Quinlan Beesley,Science,2.02,950-463-2656,qbeesley1p@opensource.org
63,Jolene Hallahan,History,1.42,485-722-1121,jhallahan1q@si.edu
64,Harmon Vyvyan,Math,1.38,894-279-3806,hvyvyan1r@blogger.com
65,Shirline Conibear,Science,0.78,123-677-6589,sconibear1s@nsw.gov.au
66,Aurilia Corr,English,0.68,798-762-8980,acorr1t@webs.com
67,Collete McParlin,Math,1.38,512-109-2150,cmcparlin1u@archive.org
68,Aubrie McFaell,English,0.38,349-550-2646,amcfaell1v@purevolume.com
69,Davine Roony,Science,2.36,421-749-9521,droony1w@icq.com
70,Raquel Lenard,Science,2.81,451-897-9664,rlenard1x@nyu.edu
71,Wait McGrill,History,3.27,382-715-4204,wmcgrill1y@ca.gov
72,Georges Snasel,English,1.43,581-586-5627,gsnasel1z@google.com.au
73,Zondra Ruffle,English,0.72,499-448-7248,zruffle20@skyrock.com
74,Bryon Letertre,History,0.46,924-249-5669,bletertre21@woothemes.com
75,Dante Byard,Science,3.86,479-641-3105,dbyard22@craigslist.org
76,Tom Langcaster,Science,2.03,387-414-1266,tlangcaster23@marriott.com
77,Cherie Vanshin,Science,0.61,877-255-4899,cvanshin24@sitemeter.com
78,Krishna Lardeux,Math,3.64,823-122-6032,klardeux25@photobucket.com
79,Paulie Burchall,English,3.93,347-191-4035,pburchall26@cbc.ca
80,Hatty Croall,Math,3.32,548-453-6939,hcroall27@buzzfeed.com
81,Fidole Belmont,English,3.41,985-294-1846,fbelmont28@diigo.com
82,Rayshell Elliker,English,0.4,103-204-7535,relliker29@istockphoto.com
83,Bax Blasetti,English,2.4,480-774-2704,bblasetti2a@nytimes.com
84,Rubi Poone,History,0.78,617-437-8975,rpoone2b@lulu.com
85,Vitia Cheeld,History,2.94,392-913-5613,vcheeld2c@facebook.com
86,Fran McCrackan,Science,3.45,741-982-5000,fmccrackan2d@sphinn.com
87,Gregorio Munro,Math,1.29,982-169-3304,gmunro2e@paginegialle.it
88,Normand Theobald,History,2.43,226-182-9580,ntheobald2f@xing.com
89,Jennie Signe,Science,1.62,712-785-6316,jsigne2g@howstuffworks.com
90,Ora Rushford,Science,1.76,181-293-5787,orushford2h@a8.net
91,Wade Karpenya,History,2.72,224-900-9098,wkarpenya2i@ca.gov
92,Leela Bilham,Math,0.62,244-768-1166,lbilham2j@wordpress.com
93,Rodrigo Morcombe,Science,2.74,733-854-4210,rmorcombe2k@privacy.gov.au
94,Corabel Arling,Science,3.43,552-421-5375,carling2l@freewebs.com
95,Juieta Pridgeon,History,3.35,274-216-3887,jpridgeon2m@friendfeed.com
96,Melissa Barthram,Science,2.5,353-852-5174,mbarthram2n@over-blog.com
97,Olga Batha,History,2.95,528-253-5818,obatha2o@goo.ne.jp
98,Galvan Terrell,Math,2.41,249-671-0116,gterrell2p@jiathis.com
99,Alonso Lockery,History,2.61,749-441-8746,alockery2q@livejournal.com
100,Stacia Blakesley,English,0.98,933-491-6150,sblakesley2r@linkedin.com
101,Jakie Durrans,English,0.34,812-589-2066,jdurrans2s@lulu.com
102,Kerri Gellert,Math,2.84,757-473-4169,kgellert2t@last.fm
103,Lilith Chritchley,Math,1.24,302-722-5399,lchritchley2u@toplist.cz
104,Jeffrey Haszard,Science,0.2,156-516-0829,jhaszard2v@shareasale.com
105,Kit Shilleto,English,0.9,455-561-8769,kshilleto2w@ibm.com
106,Halli Scoffham,Math,0.9,352-614-3677,hscoffham2x@prweb.com
107,Krisha Kroch,History,1.42,423-680-5728,kkroch2y@myspace.com
108,Abbie Draycott,Math,3.72,812-611-2548,adraycott2z@icio.us
109,Mei Giberd,English,1.82,181-951-1258,mgiberd30@redcross.org
110,Batsheva Maestrini,Math,3.5,859-780-5532,bmaestrini31@alibaba.com
111,Herbie Zorzenoni,Math,3.77,338-709-0313,hzorzenoni32@photobucket.com
112,Sibyl Lapre,Math,1.08,527-379-6127,slapre33@shutterfly.com
113,Rudolfo Westley,History,1.85,797-802-6053,rwestley34@shop-pro.jp
114,Dulcy Trevenu,Science,1.65,758-339-0174,dtrevenu35@businesswire.com
115,Burk Goodwell,Math,2.63,510-883-9921,bgoodwell36@va.gov
116,Elsey Bossingham,Math,3.21,860-577-3058,ebossingham37@hibu.com
117,Kearney Weld,Science,1.02,845-755-2380,kweld38@amazon.de
118,Cristen Girkins,English,2.42,310-835-0186,cgirkins39@marriott.com
119,Tedmund Biggans,Science,1.71,161-370-1296,tbiggans3a@cdc.gov
120,Lorraine Kindall,History,3.74,950-925-0445,lkindall3b@reference.com
121,Marnia Sinkins,Math,1.63,243-941-4442,msinkins3c@behance.net
122,Celestyn Herety,History,0.28,235-929-1532,cherety3d@qq.com
123,Evelyn Reidshaw,English,2.98,388-711-1979,ereidshaw3e@blinklist.com
124,Bobbie McGee,History,0.53,243-599-5236,bmcgee3f@sohu.com
125,Cinda Bruhnke,English,2.95,686-666-4850,cbruhnke3g@godaddy.com
126,Gipsy Stolworthy,Science,0.84,562-237-6805,gstolworthy3h@xrea.com
127,Paton Longstreeth,Science,1.16,817-120-1111,plongstreeth3i@myspace.com
128,Collie Inns,History,1.48,318-540-8770,cinns3j@si.edu
129,Austin Cusick,History,0.81,129-483-8866,acusick3k@weather.com
130,Nat Lowdeane,English,1.09,260-217-8073,nlowdeane3l@cdc.gov
131,Blaire Giovanizio,Science,1.31,675-352-9803,bgiovanizio3m@parallels.com
132,Will Pittock,History,1.86,373-667-8341,wpittock3n@tinypic.com
133,Ketti Balderston,Science,3.47,681-464-4332,kbalderston3o@salon.com
134,Hunfredo Nichol,History,0.48,675-857-2056,hnichol3p@npr.org
135,Cathyleen Oventon,Science,2.54,559-584-6733,coventon3q@ucoz.ru
136,Pippa Gonin,English,3.38,537-167-4382,pgonin3r@prweb.com
137,Jacki Ealles,Math,0.91,712-526-9707,jealles3s@istockphoto.com
138,Rodge Foss,History,3.53,506-132-1996,rfoss3t@cargocollective.com
139,Kin Shine,Math,3.66,715-438-2497,kshine3u@bloglovin.com
140,Olly Cureton,Math,1.31,108-427-0313,ocureton3v@twitter.com
141,Erv Leverette,Math,3.22,245-981-8066,eleverette3w@squarespace.com
142,Antonin Frankling,Math,0.8,644-896-0724,afrankling3x@tripod.com
143,Morganica Pavy,English,3.53,120-940-5828,mpavy3y@simplemachines.org
144,Shayne Tomczykiewicz,Science,2.47,573-753-2946,stomczykiewicz3z@fotki.com
145,Adah Anstice,Science,3.5,380-906-5663,aanstice40@biblegateway.com
146,Tina Woodworth,Science,1.11,942-664-4731,twoodworth41@weibo.com
147,Jaymie Berkely,Math,2.07,200-354-1008,jberkely42@yale.edu
148,Kacy Koppeck,English,1.3,292-823-4045,kkoppeck43@bloglovin.com
149,Dorine Cairns,Math,1.84,937-154-6100,dcairns44@nydailynews.com
150,Nevile Micklem,English,2.21,382-862-3249,nmicklem45@techcrunch.com
151,Brandy Twidle,Math,3.14,123-909-1296,btwidle46@noaa.gov
152,Iosep Pinnigar,English,1.63,444-312-2036,ipinnigar47@amazonaws.com
153,Christoffer Wichard,English,0.18,486-832-8971,cwichard48@goodreads.com
154,Garrick Bremmer,Science,1.06,845-644-5554,gbremmer49@liveinternet.ru
155,Lenna Calbaithe,Science,2.23,457-652-3727,lcalbaithe4a@macromedia.com
156,Ivy Cicculini,Math,1.87,415-557-3536,icicculini4b@yale.edu
157,Gillan Collens,Science,1.56,968-309-7395,gcollens4c@parallels.com
158,Sarajane Killingback,History,0.79,950-257-5239,skillingback4d@cyberchimps.com
159,Ramsay Lowin,Math,3.35,748-658-6842,rlowin4e@hc360.com
160,Wendie Swalough,Math,0.45,140-146-1198,wswalough4f@amazon.de
161,Felizio Jeffels,Science,2.97,852-489-9487,fjeffels4g@netlog.com
162,Hedi Goodwill,English,0.8,337-750-0773,hgoodwill4h@prnewswire.com
163,Bertine De Filippi,Science,2.95,430-129-7996,bde4i@wunderground.com
164,Leanor Morland,Math,1.18,245-843-6199,lmorland4j@last.fm
165,Lexis Toppin,Math,1.49,241-873-1261,ltoppin4k@hao123.com
166,Casar Moncrieffe,Science,1.55,981-576-0317,cmoncrieffe4l@usatoday.com
167,Celestine Fairbrother,Math,0.41,624-140-0160,cfairbrother4m@plala.or.jp
168,Marlo Weiner,History,0.96,689-756-7395,mweiner4n@harvard.edu
169,Claire Gherardesci,Math,0.77,474-656-2002,cgherardesci4o@un.org
170,Randolph Humby,Math,0.02,897-143-3005,rhumby4p@exblog.jp
171,Berta Evershed,Math,3.44,249-928-6771,bevershed4q@g.co
172,Herb Lidstone,Math,2.53,795-172-4559,hlidstone4r@51.la
173,Randolph Lintot,English,1.3,152-565-3220,rlintot4s@cdc.gov
174,Chelsea Pucker,Math,2.01,578-611-7794,cpucker4t@ibm.com
175,Poppy Anwyl,History,2.5,142-892-8407,panwyl4u@alibaba.com
176,Forrest Lulham,English,2.11,845-645-8904,flulham4v@stumbleupon.com
177,Jen Spittles,English,4.0,838-574-0032,jspittles4w@cafepress.com
178,Doe Shipton,History,2.37,181-781-9834,dshipton4x@mozilla.com
179,Harv Batt,History,3.19,321-979-8642,hbatt4y@unesco.org
180,Marje Tunaclift,Science,1.49,362-134-7600,mtunaclift4z@elpais.com
181,Britta Hutcheons,History,1.75,112-106-3031,bhutcheons50@imdb.com
182,Jacinda Gorusso,Math,0.08,537-376-5276,jgorusso51@dyndns.org
183,Egan Cerith,History,2.13,388-536-4211,ecerith52@utexas.edu
184,Cicely Etheridge,History,1.74,831-142-9837,cetheridge53@cbc.ca
185,Shane Sprowell,History,2.71,744-559-6888,ssprowell54@taobao.com
186,Sabrina Haggerty,Science,2.53,631-799-3791,shaggerty55@bandcamp.com
187,Salem Elgee,Science,3.32,341-108-9307,selgee56@biglobe.ne.jp
188,Aaren Anear,English,2.91,686-309-5195,aanear57@vinaora.com
189,Illa Eastway,Science,1.45,242-945-2751,ieastway58@desdev.cn
190,Kylie Duligall,Science,0.78,954-431-3059,kduligall59@sun.com
191,Flem Frissell,History,3.55,943-475-7920,ffrissell5a@csmonitor.com
192,Sheffield Rodrigo,English,2.13,615-195-4445,srodrigo5b@narod.ru
193,Shurlocke O'Hern,Math,3.28,543-444-6707,sohern5c@cornell.edu
194,Hoebart Duncklee,Math,3.07,420-472-1582,hduncklee5d@ameblo.jp
195,Hildagarde Mosen,History,0.69,175-359-3951,hmosen5e@bravesites.com
196,Mordecai Mottershaw,History,3.28,387-481-3153,mmottershaw5f@amazon.de
197,Reinaldos Blodgetts,English,0.7,455-504-2481,rblodgetts5g@macromedia.com
198,Blakeley Braunes,Science,3.7,102-976-5391,bbraunes5h@engadget.com
199,Vasily Thynne,History,0.59,340-790-0421,vthynne5i@usnews.com
200,Fidelio Bleeze,English,3.06,526-809-8879,fbleeze5j@aol.com
201,Ammamaria North,History,0.37,861-984-4978,anorth5k@typepad.com
202,Valida Halliday,Science,2.04,700-360-7036,vhalliday5l@surveymonkey.com
203,Kamila Dorr,Math,3.82,849-463-1748,kdorr5m@auda.org.au
204,Katee Deuss,Science,1.31,580-569-0224,kdeuss5n@w3.org
205,Ciro Charer,Science,2.04,644-172-4157,ccharer5o@macromedia.com
206,Anastassia Crampsy,Science,2.8,443-966-4223,acrampsy5p@behance.net
207,Mead Marsden,History,2.33,362-477-6518,mmarsden5q@bigcartel.com
208,Lida Marns,Math,2.73,891-437-5957,lmarns5r@cam.ac.uk
209,Boyce Genty,Science,2.41,647-443-0222,bgenty5s@tinyurl.com
210,Jeremy Dallosso,Science,2.73,234-436-6979,jdallosso5t@blogtalkradio.com
211,Kizzie Attkins,English,0.26,925-559-4177,kattkins5u@dmoz.org
212,Darrin Jandl,Science,2.45,275-667-9269,djandl5v@census.gov
213,Leupold Edmead,History,1.08,775-207-7612,ledmead5w@globo.com
214,Clarabelle Seldon,History,2.61,810-424-5949,cseldon5x@wiley.com
215,Stewart Catton,Math,1.14,474-331-8019,scatton5y@homestead.com
216,Sigismundo Simecek,Math,2.34,745-642-8266,ssimecek5z@slashdot.org
217,Malina Gerrill,History,2.55,444-554-1798,mgerrill60@si.edu
218,Gunter Daughtry,Math,1.96,542-406-3592,gdaughtry61@wikimedia.org
219,Guillemette Shawley,History,1.58,262-228-3649,gshawley62@imageshack.us
220,Hendrika Donaher,History,3.65,727-130-9547,hdonaher63@myspace.com
221,Bessy Tinsley,English,3.99,856-913-3277,btinsley64@baidu.com
222,Tess Stiell,Science,3.96,683-646-2737,tstiell65@canalblog.com
223,Christophe Storms,Science,2.89,761-610-9490,cstorms66@multiply.com
224,Killy Calven,Science,1.14,582-979-4889,kcalven67@tripod.com
225,Zandra Juza,History,0.06,472-226-0017,zjuza68@sbwire.com
226,Sonja Saladino,English,0.23,582-244-3676,ssaladino69@livejournal.com
227,Eberto Hiseman,Math,3.19,586-171-4896,ehiseman6a@joomla.org
228,Diego Wollen,History,2.93,375-864-0511,dwollen6b@yale.edu
229,Anthony Martynikhin,Science,2.7,530-788-7647,amartynikhin6c@clickbank.net
230,Thedric Seabon,History,1.89,694-452-6106,tseabon6d@people.com.cn
231,Leopold Meiklem,Science,2.94,200-540-4111,lmeiklem6e@tamu.edu
232,Rozina Daish,Math,1.35,917-376-0096,rdaish6f@mail.ru
233,Piotr Bythell,Science,0.65,631-196-9586,pbythell6g@mayoclinic.com
234,Knox Myall,History,3.69,477-879-5408,kmyall6h@tumblr.com
235,Lorita Cutteridge,History,1.49,351-254-8803,lcutteridge6i@chronoengine.com
236,Sherye Blacktin,Math,1.82,853-424-7591,sblacktin6j@reuters.com
237,Adella Grunson,English,2.79,585-479-4124,agrunson6k@etsy.com
238,Florette Bartunek,History,3.82,711-813-6993,fbartunek6l@ameblo.jp
239,Hobie Pachta,History,1.53,904-337-2378,hpachta6m@apple.com
240,Jeremias Cloney,Math,1.89,875-928-4306,jcloney6n@nba.com
241,Dix Passo,History,2.6,755-161-8136,dpasso6o@comsenz.com
242,Gardener De Giovanni,English,2.35,424-235-3509,gde6p@cmu.edu
243,Bertha Tilliards,Science,0.37,246-127-5115,btilliards6q@independent.co.uk
244,Anderson Rohlf,History,2.17,398-556-5785,arohlf6r@eventbrite.com
245,Rachele Solon,Math,4.0,790-151-8134,rsolon6s@tamu.edu
246,Ardra Maskrey,English,1.95,688-557-3188,amaskrey6t@bloglines.com
247,Hetti Swansborough,Science,1.92,759-413-8910,hswansborough6u@who.int
248,Stavro Abatelli,History,2.82,160-842-3949,sabatelli6v@jiathis.com
249,Olimpia Denness,Science,1.25,347-343-7902,odenness6w@quantcast.com
250,Truda Geratasch,Science,0.32,528-496-0434,tgeratasch6x@unesco.org
251,Kurtis Delacroux,History,3.78,915-958-2074,kdelacroux6y@g.co
252,Noland Sally,Math,3.36,682-168-8139,nsally6z@who.int
253,Gregoire Howen,Math,2.88,880-407-5919,ghowen70@spiegel.de
254,Bent Cagan,English,1.54,759-207-2015,bcagan71@dailymail.co.uk
255,Bil Blakeman,Science,2.08,393-230-2496,bblakeman72@reverbnation.com
256,Margaretha Purrington,Science,3.23,122-878-8267,mpurrington73@joomla.org
257,Joell Cloughton,English,3.57,455-126-2843,jcloughton74@hao123.com
258,Minnie Lanceley,English,2.13,882-595-5873,mlanceley75@gnu.org
259,Janeen Wingar,History,3.4,205-691-4539,jwingar76@fastcompany.com
260,Virginia Ausiello,English,0.63,957-611-3314,vausiello77@addthis.com
261,Monika Vautre,English,3.43,402-238-4630,mvautre78@github.com
262,Kelbee Peak,English,2.82,990-449-7044,kpeak79@issuu.com
263,Matias Woffinden,History,2.8,267-471-0849,mwoffinden7a@spotify.com
264,Davie Liggons,Science,0.72,305-377-9420,dliggons7b@pinterest.com
265,Amalea Barefoot,English,1.83,796-255-2531,abarefoot7c@dropbox.com
266,Glynis Kike,History,0.68,153-967-5403,gkike7d@google.cn
267,Alayne Verny,History,2.96,159-687-2119,averny7e@cafepress.com
268,Selina Boykett,English,3.82,308-816-4453,sboykett7f@umich.edu
269,Riley Dacres,English,1.31,358-670-3426,rdacres7g@yahoo.com
270,Antonella Kenchington,Math,1.73,836-432-8738,akenchington7h@disqus.com
271,Gertrud Dockerty,English,0.45,557-226-1140,gdockerty7i@dyndns.org
272,Martica Archell,Science,3.74,892-345-7470,marchell7j@xrea.com
273,Marvin Saur,History,3.75,958-466-7727,msaur7k@barnesandnoble.com
274,Jacintha Wheeler,Math,2.04,805-888-6234,jwheeler7l@exblog.jp
275,Marchelle Sizland,Math,2.11,687-155-8094,msizland7m@wordpress.com
276,Tremaine Truin,Science,1.13,260-758-4855,ttruin7n@epa.gov
277,Pammi Lowdiane,English,1.87,290-375-2696,plowdiane7o@seattletimes.com
278,Addy Marke,History,1.23,104-629-1128,amarke7p@washingtonpost.com
279,Magnum Kear,History,1.07,774-972-7147,mkear7q@epa.gov
280,Rosene Dorgan,Science,1.34,974-118-2903,rdorgan7r@goo.gl
281,Spencer Dow,Science,3.4,275-603-1928,sdow7s@hud.gov
282,Lowell Larham,Math,0.03,667-892-4000,llarham7t@networkadvertising.org
283,Bill Yellep,Math,2.59,265-642-5881,byellep7u@vk.com
284,Lorie Gazzard,Math,1.47,760-939-1424,lgazzard7v@hexun.com
285,Kassandra Tyrie,History,1.66,684-694-0155,ktyrie7w@plala.or.jp
286,Clark Bellson,Science,1.98,123-139-6246,cbellson7x@geocities.com
287,Lothaire Plumbridge,English,0.42,418-242-8856,lplumbridge7y@w3.org
288,Elna Muckle,Math,0.51,292-620-1518,emuckle7z@phpbb.com
289,Peadar Gotthard,Math,2.91,584-326-9441,pgotthard80@opera.com
290,Leigh Baldazzi,Math,0.81,654-232-0070,lbaldazzi81@xinhuanet.com
291,Dayna Rooksby,Science,0.18,247-253-9696,drooksby82@google.fr
292,Stanislaus Espadate,Math,3.17,997-612-4294,sespadate83@house.gov
293,Marrissa Paolinelli,Science,1.42,301-162-4438,mpaolinelli84@istockphoto.com
294,Janet Sarra,English,2.44,500-782-7016,jsarra85@yellowbook.com
295,Deidre de Juares,English,1.28,554-747-8124,dde86@360.cn
296,Theo Ackrill,Math,2.96,482-221-7338,tackrill87@blogs.com
297,Haily Pettitt,Math,0.9,244-274-9577,hpettitt88@discuz.net
298,Rosemary Trimme,Science,0.79,722-447-2462,rtrimme89@bloomberg.com
299,Pauly Pretley,Math,0.42,882-139-1437,ppretley8a@odnoklassniki.ru
300,Si Amburgy,Science,0.82,589-678-6168,samburgy8b@paypal.com
301,Dannie Weller,Science,0.01,257-379-6202,dweller8c@addthis.com
302,Heddie Bowcher,History,3.41,311-369-1480,hbowcher8d@histats.com
303,Averil Bilovus,Science,0.03,323-337-9130,abilovus8e@xing.com
304,Anallese Tripcony,English,1.63,968-632-1530,atripcony8f@soup.io
305,Nahum Hehl,Science,0.5,201-591-5167,nhehl8g@dell.com
306,Brietta Danzig,History,2.59,356-980-8595,bdanzig8h@comsenz.com
307,Emilia Wahlberg,Math,1.62,159-717-0730,ewahlberg8i@1und1.de
308,Arlene Wickerson,History,2.64,235-626-8714,awickerson8j@tinyurl.com
309,Chrissy Jeandet,English,1.6,517-688-5100,cjeandet8k@nyu.edu
310,Delora Meffin,Math,0.89,701-212-7965,dmeffin8l@sphinn.com
311,Clayson Hurn,Science,0.77,940-889-1735,churn8m@clickbank.net
312,Patty Zuenelli,English,0.98,621-377-9814,pzuenelli8n@archive.org
313,Adella Balasini,History,2.42,924-512-1214,abalasini8o@barnesandnoble.com
314,Ariel Pelzer,English,1.98,572-558-4564,apelzer8p@va.gov
315,Hamish Parker,Science,0.41,148-515-5021,hparker8q@storify.com
316,Rockey Linforth,Math,0.45,256-969-2825,rlinforth8r@prweb.com
317,Roxanna Baber,History,1.06,774-754-9350,rbaber8s@jimdo.com
318,Misty Rheaume,Science,2.97,734-608-4653,mrheaume8t@techcrunch.com
319,Julieta Tchir,English,0.53,152-853-1585,jtchir8u@mysql.com
320,Remus Wrout,English,1.01,802-795-5086,rwrout8v@over-blog.com
321,Ruggiero Iglesiaz,Science,3.09,427-583-6583,riglesiaz8w@prnewswire.com
322,Stevena Gwynn,English,2.74,157-746-2475,sgwynn8x@ft.com
323,Alisa Munsey,History,0.32,959-263-3612,amunsey8y@woothemes.com
324,Meier Gerrill,English,0.3,287-542-5569,mgerrill8z@wp.com
325,Simone Leipelt,English,3.13,745-968-2465,sleipelt90@networkadvertising.org
326,Lauryn Brower,Science,2.05,171-465-0604,lbrower91@jugem.jp
327,Persis Bambra,Science,2.06,363-686-8497,pbambra92@slideshare.net
328,Betteanne Wait,History,0.22,737-708-7512,bwait93@discovery.com
329,Bethena Grosvenor,Science,0.2,846-280-1163,bgrosvenor94@nymag.com
330,Maximo Fordham,Math,2.1,761-768-9583,mfordham95@miibeian.gov.cn
331,Corrina Moreing,English,2.53,258-991-5346,cmoreing96@friendfeed.com
332,Tatum Edgler,History,3.06,158-449-2123,tedgler97@ebay.com
333,Georgianna Shirt,Math,2.66,357-696-0164,gshirt98@moonfruit.com
334,Geri Bernhardt,Math,0.57,489-583-7895,gbernhardt99@fastcompany.com
335,Padraic Guillart,History,2.43,937-970-5265,pguillart9a@aol.com
336,Brunhilde Keysall,Math,2.15,186-656-4636,bkeysall9b@wix.com
337,Millisent Roseveare,Science,1.56,851-447-3159,mroseveare9c@php.net
338,Ginger Summerhayes,English,2.38,701-876-7508,gsummerhayes9d@cafepress.com
339,Ambrosius Lambdon,English,0.33,150-816-3898,alambdon9e@123-reg.co.uk
340,Valene Calcott,History,1.63,691-787-7836,vcalcott9f@odnoklassniki.ru
341,Frankie Raselles,Science,3.98,587-481-1624,fraselles9g@oakley.com
342,Andres MacFadyen,Science,1.1,987-896-5013,amacfadyen9h@ovh.net
343,Fanechka Bailess,Science,0.44,972-879-8877,fbailess9i@nature.com
344,Alena Minty,History,2.6,803-406-0315,aminty9j@wordpress.org
345,Andrea Fleis,English,2.7,924-211-0316,afleis9k@etsy.com
346,Garrott Cotelard,English,0.7,446-241-6333,gcotelard9l@shinystat.com
347,Allin Weber,History,2.91,731-375-6452,aweber9m@rediff.com
348,Marita Roels,Math,3.8,796-345-2756,mroels9n@naver.com
349,Nanine Bentame,Math,3.14,457-498-5283,nbentame9o@posterous.com
350,Mellicent Romushkin,Math,1.47,897-921-3732,mromushkin9p@csmonitor.com
351,Elvyn Grover,History,0.66,435-591-5353,egrover9q@macromedia.com
352,Hieronymus Durning,English,1.1,865-803-2374,hdurning9r@nymag.com
353,Enos Kuhl,History,0.33,288-512-6213,ekuhl9s@bizjournals.com
354,Edward Botger,History,3.64,176-499-8880,ebotger9t@technorati.com
355,Marguerite Robbie,Science,2.88,315-604-6012,mrobbie9u@chron.com
356,Jeremias Fellgate,English,0.94,613-127-0186,jfellgate9v@cdc.gov
357,Allard Armitage,Math,3.31,477-797-7400,aarmitage9w@statcounter.com
358,Ethyl Theuss,Math,0.64,905-661-2728,etheuss9x@buzzfeed.com
359,Bliss Carletto,Science,1.8,995-262-3603,bcarletto9y@forbes.com
360,Genna Wixey,Math,2.49,735-851-6138,gwixey9z@senate.gov
361,Yoshi Braunds,Science,1.23,895-301-0886,ybraundsa0@examiner.com
362,Lotte Zorer,English,1.6,305-605-8419,lzorera1@networksolutions.com
363,Blondell Karlik,History,3.52,165-393-4319,bkarlika2@cnn.com
364,Ethelbert Baumann,Science,3.87,985-158-4916,ebaumanna3@pen.io
365,Davidde Dredge,Math,2.47,857-337-9991,ddredgea4@jimdo.com
366,Laura Mawditt,English,2.33,361-247-0258,lmawditta5@bbb.org
367,Deeann Jeeks,History,3.58,162-841-9621,djeeksa6@samsung.com
368,Nathalie Roache,Science,1.6,457-249-1898,nroachea7@tinyurl.com
369,Cointon Vauls,History,2.37,596-247-6267,cvaulsa8@discovery.com
370,Pauli Leivesley,Science,3.63,407-922-0173,pleivesleya9@unicef.org
371,Arv Eble,Math,0.34,929-735-8542,aebleaa@studiopress.com
372,Renaud Matura,English,2.1,229-658-4649,rmaturaab@skyrock.com
373,Rosabella Matveyev,English,2.16,317-594-5904,rmatveyevac@webeden.co.uk
374,Odell Springall,Math,0.63,700-205-2357,ospringallad@hexun.com
375,Tess Bonaire,Math,1.84,921-694-1226,tbonaireae@spotify.com
376,Isa Dawidsohn,English,1.23,705-717-0685,idawidsohnaf@dion.ne.jp
377,Kennett Washbrook,English,3.44,508-214-6378,kwashbrookag@weibo.com
378,Quillan Iltchev,History,1.22,702-122-2708,qiltchevah@mtv.com
379,Mavis Megainey,Science,0.47,163-758-3765,mmegaineyai@yahoo.co.jp
380,Trent Hawket,Math,1.64,103-685-9756,thawketaj@vkontakte.ru
381,Bogey Camier,Science,2.64,814-622-9106,bcamierak@prweb.com
382,Liana Galland,History,1.21,541-376-8036,lgallandal@aboutads.info
383,Adina Erik,Math,2.78,882-741-5758,aerikam@businessinsider.com
384,Virginie Kettlewell,Math,3.23,571-504-3650,vkettlewellan@examiner.com
385,Lorri Espinas,Math,2.87,804-710-2752,lespinasao@e-recht24.de
386,Stormi Cockran,Math,0.74,813-700-0739,scockranap@omniture.com
387,Natty Yurov,History,0.39,759-790-6027,nyurovaq@elegantthemes.com
388,Daffie Pawelski,History,0.57,303-804-8161,dpawelskiar@baidu.com
389,Clementina Teresse,History,0.02,305-991-8147,cteresseas@ucsd.edu
390,Derwin Dorney,Math,0.1,226-223-4168,ddorneyat@army.mil
391,Florie Biaggioli,English,2.45,254-775-4352,fbiaggioliau@unblog.fr
392,Dorene Hannay,English,1.61,718-252-7061,dhannayav@friendfeed.com
393,Alisha Neem,History,3.48,340-550-8303,aneemaw@state.tx.us
394,Gisele Hethron,English,1.84,198-448-8262,ghethronax@narod.ru
395,Marianne Whittingham,History,0.51,671-278-9472,mwhittinghamay@networkadvertising.org
396,Gwenette Van De Cappelle,English,2.48,510-266-7548,gvanaz@discovery.com
397,Ash Beck,English,2.55,798-833-2002,abeckb0@nationalgeographic.com
398,Prent Mulligan,History,1.15,353-870-8884,pmulliganb1@sbwire.com
399,Chuck Gouldstraw,History,3.77,732-938-6602,cgouldstrawb2@nymag.com
400,Sheila O'Ruane,Math,1.36,580-760-4804,soruaneb3@storify.com
401,Angie Newlands,History,0.54,432-958-4658,anewlandsb4@webs.com
402,Doretta Kleinhaut,Science,2.55,596-492-3571,dkleinhautb5@qq.com
403,Wilie Tointon,Science,3.58,504-552-9760,wtointonb6@gnu.org
404,Teodorico De Ruggero,Math,2.49,538-752-7677,tdeb7@utexas.edu
405,Billy Freshwater,Math,3.22,625-904-8022,bfreshwaterb8@gizmodo.com
406,Aarika Thickett,English,0.88,617-823-7107,athickettb9@toplist.cz
407,Karena Huison,Math,2.37,936-796-1494,khuisonba@tamu.edu
408,Clarance Scutcheon,Science,1.39,339-405-6660,cscutcheonbb@gizmodo.com
409,Lina Fiddiman,History,2.53,510-537-0382,lfiddimanbc@goo.ne.jp
410,Sergent Algie,Math,1.07,493-921-8285,salgiebd@t-online.de
411,Rebecca Cureton,History,1.8,884-200-4649,rcuretonbe@archive.org
412,Thaddus Menat,History,2.65,270-983-5807,tmenatbf@skype.com
413,Yorgos Midlar,Math,1.78,951-147-3285,ymidlarbg@biblegateway.com
414,Adela Baskwell,Science,0.05,162-180-2606,abaskwellbh@taobao.com
415,Garner Kestian,History,1.2,171-344-4570,gkestianbi@feedburner.com
416,Haley Kuhwald,Science,2.14,890-917-6558,hkuhwaldbj@paginegialle.it
417,Lambert Monier,Math,0.61,484-142-7876,lmonierbk@homestead.com
418,Viole Bradnock,History,0.97,270-495-3717,vbradnockbl@pbs.org
419,Reade Latchmore,English,2.6,887-611-3752,rlatchmorebm@arizona.edu
420,Ermentrude Klarzynski,History,2.61,818-815-0830,eklarzynskibn@hexun.com
421,Lindsy Pischof,Math,3.25,486-996-6433,lpischofbo@google.ru
422,Lorain Matfin,History,3.55,693-825-8086,lmatfinbp@moonfruit.com
423,Brooke MacVaugh,Math,3.34,790-543-0836,bmacvaughbq@goo.ne.jp
424,Feodora Grishanin,History,1.42,978-736-7659,fgrishaninbr@reddit.com
425,Caroline Bewsey,Math,2.45,752-630-7780,cbewseybs@drupal.org
426,Avigdor Hardiker,Science,3.91,542-750-6400,ahardikerbt@nifty.com
427,Tatiana Mountford,English,2.41,643-202-1150,tmountfordbu@imdb.com
428,Amabelle Stive,Math,1.89,777-683-7169,astivebv@google.pl
429,Cully Bourrel,History,1.12,723-891-0674,cbourrelbw@geocities.jp
430,Donnell Dermot,History,2.81,121-845-3039,ddermotbx@meetup.com
431,Marne Nelson,Science,3.34,901-754-4850,mnelsonby@myspace.com
432,Rafaela Wilfling,History,3.59,908-748-4347,rwilflingbz@tiny.cc
433,Dougie Townend,Math,3.56,770-970-2889,dtownendc0@ycombinator.com
434,Roshelle Orable,English,3.09,850-906-9161,rorablec1@statcounter.com
435,Sebastian Fishby,History,0.48,345-567-7079,sfishbyc2@bloglovin.com
436,Fern Fayerman,Math,3.14,609-951-1149,ffayermanc3@zdnet.com
437,Auria Urvoy,Science,3.11,633-746-5302,aurvoyc4@sciencedirect.com
438,Verne Carn,History,2.95,342-476-9550,vcarnc5@webs.com
439,Wakefield Greim,Science,0.5,985-798-0066,wgreimc6@1und1.de
440,Thain O'Regan,Science,2.53,702-922-6714,toreganc7@hugedomains.com
441,L;urette Beard,Math,3.5,134-140-8465,lbeardc8@patch.com
442,Humfrey Kahane,Math,3.31,745-844-1484,hkahanec9@ow.ly
443,Guthrey Cumber,History,3.11,442-773-5467,gcumberca@webeden.co.uk
444,Hali Tern,Science,1.68,727-766-5549,hterncb@umich.edu
445,Evin Concannon,English,3.02,646-586-7584,econcannoncc@apache.org
446,Wesley Dresche,Science,2.09,517-660-9544,wdreschecd@microsoft.com
447,Maje Sketchley,Math,0.91,396-737-0973,msketchleyce@spotify.com
448,Claudette Brownstein,History,2.32,452-447-3327,cbrownsteincf@nyu.edu
449,Karlene Slark,Math,0.8,380-506-8887,kslarkcg@wired.com
450,Casey Beagley,Math,3.41,851-484-9452,cbeagleych@1688.com
451,Kelci Klimmek,Math,1.34,330-170-4572,kklimmekci@yahoo.com
452,Jacqueline Ethington,History,1.55,340-308-5125,jethingtoncj@t-online.de
453,Marthena Belford,History,2.88,449-697-2460,mbelfordck@imgur.com
454,Teodoro Gilcrist,Math,2.22,305-331-4714,tgilcristcl@craigslist.org
455,Anders Lingfoot,History,1.42,361-231-4115,alingfootcm@senate.gov
456,Darell Bramwell,Math,0.06,496-592-5381,dbramwellcn@friendfeed.com
457,Lazarus MacDowall,English,3.4,398-647-1990,lmacdowallco@amazon.de
458,Angil Cundict,History,1.62,845-377-6662,acundictcp@csmonitor.com
459,Sidnee Ingles,Math,3.76,578-974-0995,singlescq@dell.com
460,Izabel Keeting,English,3.02,734-550-5895,ikeetingcr@uol.com.br
461,Sigmund Meriot,Math,2.49,816-975-2542,smeriotcs@hatena.ne.jp
462,Park Joron,History,1.15,346-654-1917,pjoronct@123-reg.co.uk
463,Mavra Loosemore,History,0.78,529-262-4525,mloosemorecu@360.cn
464,Geoff Farrington,Science,1.1,489-538-0986,gfarringtoncv@google.nl
465,Pandora Omar,Math,3.99,981-313-9965,pomarcw@deviantart.com
466,Milli Freschi,English,2.13,801-638-2673,mfreschicx@mayoclinic.com
467,Della Carlozzi,Science,2.59,326-257-1893,dcarlozzicy@businessweek.com
468,Thorsten Rouby,Math,0.64,617-351-0105,troubycz@gravatar.com
469,Darsie Lohan,English,2.33,921-117-7226,dlohand0@omniture.com
470,Shurwood Rickert,Science,2.91,334-903-7660,srickertd1@abc.net.au
471,Cordie Loins,English,3.47,313-324-7669,cloinsd2@squarespace.com
472,Phillipe Heel,History,3.83,188-297-2204,pheeld3@cbslocal.com
473,Verla Wanklin,Science,0.62,486-856-1993,vwanklind4@reverbnation.com
474,Billie Keam,Math,0.99,298-309-1524,bkeamd5@technorati.com
475,Tripp Muddicliffe,Science,0.25,581-749-8377,tmuddicliffed6@goo.ne.jp
476,Gibby Sylett,History,0.26,602-846-3436,gsylettd7@youtu.be
477,Harper Pidon,English,3.74,269-529-9481,hpidond8@tinypic.com
478,Hildegaard Clery,English,2.96,579-483-4268,hcleryd9@xrea.com
479,Amye Butland,History,1.06,422-149-3427,abutlandda@biblegateway.com
480,Darrin Crimmins,Math,3.75,793-544-3961,dcrimminsdb@loc.gov
481,Delmar Allsep,English,1.73,571-865-1955,dallsepdc@mozilla.org
482,Erinn Hamblett,History,3.08,266-170-3109,ehamblettdd@admin.ch
483,Randal Gianninotti,Math,3.52,901-311-6778,rgianninottide@qq.com
484,Royall Worts,History,3.81,638-971-0402,rwortsdf@dagondesign.com
485,Catharina Vedyashkin,Math,2.26,371-499-7112,cvedyashkindg@ucsd.edu
486,Paula Pierton,Math,3.43,898-734-5486,ppiertondh@usgs.gov
487,Petronilla Rintoul,History,1.72,461-830-1691,printouldi@sciencedirect.com
488,Rogers Narrie,History,2.24,959-304-7586,rnarriedj@privacy.gov.au
489,Laurens Shearmer,Science,2.17,789-771-5739,lshearmerdk@nba.com
490,Bobine Pudney,History,0.26,194-352-6349,bpudneydl@xing.com
491,Shane Suggett,Math,2.98,750-953-3523,ssuggettdm@forbes.com
492,Niccolo Marle,Math,3.54,418-441-3697,nmarledn@pagesperso-orange.fr
493,Timothea Cashell,History,1.16,614-106-9390,tcashelldo@cdc.gov
494,Briana Hallad,English,1.13,607-178-7386,bhalladdp@sourceforge.net
495,Philis Sainteau,Science,2.83,527-686-4578,psainteaudq@miibeian.gov.cn
496,Garrik Bowes,History,0.94,433-780-8284,gbowesdr@google.cn
497,Imogene Gammons,Science,1.61,637-481-2075,igammonsds@toplist.cz
498,Randell Quinlan,Science,2.87,592-848-5988,rquinlandt@walmart.com
499,Tierney Marmon,English,1.62,385-767-1300,tmarmondu@forbes.com
500,Ulrica Staresmeare,Math,1.21,214-391-6786,ustaresmearedv@last.fm
501,Rourke Formoy,Math,2.19,849-403-9185,rformoydw@i2i.jp
502,Aldrich McCreery,Science,3.82,173-698-5038,amccreerydx@taobao.com
503,Ruddie Boldecke,History,1.41,786-234-6711,rboldeckedy@ucoz.ru
504,Ingunna Donaghie,Science,3.71,789-134-7312,idonaghiedz@themeforest.net
505,Patricio Abade,History,2.14,242-621-9358,pabadee0@163.com
506,Allan Arnaudon,Science,1.4,970-821-8554,aarnaudone1@ifeng.com
507,Martie Norwood,History,2.03,365-575-7268,mnorwoode2@e-recht24.de
508,Teddi Phelp,Math,2.38,831-919-6765,tphelpe3@usnews.com
509,Lawrence Van Leijs,History,1.89,529-242-8333,lvane4@wikipedia.org
510,Burty Keeney,Science,1.3,753-415-7568,bkeeneye5@jiathis.com
511,Cherish Pinnere,Math,2.38,544-550-6863,cpinneree6@reuters.com
512,Nertie Partkya,English,3.07,503-521-7133,npartkyae7@technorati.com
513,Ulrika Hanaford,Science,1.51,194-157-4812,uhanaforde8@imageshack.us
514,Brewster Shama,Math,2.79,831-248-2618,bshamae9@people.com.cn
515,Manon Lilly,English,2.23,313-338-5075,mlillyea@simplemachines.org
516,Alfonse Neylon,History,0.81,972-271-9810,aneyloneb@bloglovin.com
517,Gerda Vedmore,English,0.37,975-605-8615,gvedmoreec@nbcnews.com
518,Lana Van der Daal,Science,0.99,179-745-1097,lvaned@soundcloud.com
519,Stephani Welden,English,3.2,514-999-2769,sweldenee@bbb.org
520,Emelina Burril,History,0.01,515-766-2133,eburrilef@nifty.com
521,Berkie Meltetal,Math,3.72,702-118-8006,bmeltetaleg@furl.net
522,Noellyn Rosbottom,Science,2.63,214-413-3396,nrosbottomeh@edublogs.org
523,Mavis Littlechild,Math,1.19,338-213-9434,mlittlechildei@skyrock.com
524,Port Gothliff,Science,3.07,908-304-9630,pgothliffej@nifty.com
525,Ansley Gurner,Math,2.25,511-383-6046,agurnerek@joomla.org
526,Bernete Divell,English,0.96,745-547-1759,bdivellel@weather.com
527,Carly Kinastan,History,1.91,688-249-6126,ckinastanem@latimes.com
528,Cesar Dufty,Science,1.91,205-479-9897,cduftyen@fastcompany.com
529,Gherardo Doerren,History,0.38,928-549-1221,gdoerreneo@blinklist.com
530,Ilyse Paliser,Math,0.28,764-178-2359,ipaliserep@gizmodo.com
531,Lynnelle Philipot,History,2.52,451-391-1379,lphilipoteq@nyu.edu
532,Romola Benley,History,1.32,217-661-0930,rbenleyer@sohu.com
533,Janis Antrum,Science,3.01,593-654-5392,jantrumes@nature.com
534,Fidel Griffe,Math,1.47,678-581-0624,fgriffeet@nydailynews.com
535,Aeriell Maffey,English,0.37,649-745-9108,amaffeyeu@cnbc.com
536,Lizette Fairbairn,Math,1.27,187-351-9973,lfairbairnev@cbc.ca
537,Tiertza Kleinert,Math,0.31,591-390-7933,tkleinertew@ameblo.jp
538,Myrilla Broggetti,Science,0.84,979-299-7413,mbroggettiex@elegantthemes.com
539,Clareta Berriman,Math,0.6,764-921-5101,cberrimaney@reverbnation.com
540,Myrna Geard,Math,1.92,477-154-1457,mgeardez@xinhuanet.com
541,Neile Bredes,History,2.2,436-814-4142,nbredesf0@google.pl
542,Byran Baynam,History,1.91,573-564-9892,bbaynamf1@sciencedirect.com
543,Herculie Friskey,Science,2.98,602-123-7499,hfriskeyf2@stanford.edu
544,Fitz Perryman,History,3.47,955-795-3296,fperrymanf3@hatena.ne.jp
545,Janie Otton,History,0.43,285-360-9200,jottonf4@blogger.com
546,Petey Freeberne,Science,3.52,906-911-0850,pfreebernef5@ed.gov
547,Curtis Haliburton,Math,3.83,141-825-8193,chaliburtonf6@independent.co.uk
548,Aharon Bydaway,History,1.56,648-952-2722,abydawayf7@is.gd
549,Blinnie McAlester,English,2.48,309-673-5083,bmcalesterf8@123-reg.co.uk
550,Milly Kasparski,History,1.6,319-621-9467,mkasparskif9@cloudflare.com
551,Aaren Lunge,Science,3.54,647-240-6631,alungefa@de.vu
552,Allianora Drayton,History,2.27,523-877-4351,adraytonfb@google.com.au
553,Clywd Iddens,Math,1.44,307-198-2851,ciddensfc@wordpress.com
554,Ernestus Mc Mechan,Science,0.86,207-478-9055,emcfd@soundcloud.com
555,Marjorie Orr,Science,3.08,582-364-4053,morrfe@thetimes.co.uk
556,Debbie Karolovsky,Math,3.09,958-692-2747,dkarolovskyff@jigsy.com
557,Becki Densie,Science,3.81,461-614-0368,bdensiefg@g.co
558,Robbert Halsho,English,0.57,856-910-2090,rhalshofh@soup.io
559,Bern Bulstrode,Science,1.93,222-211-8112,bbulstrodefi@xrea.com
560,Daune Salazar,Science,1.52,683-784-1743,dsalazarfj@oaic.gov.au
561,Anni O'Riordan,History,3.8,286-272-7255,aoriordanfk@uiuc.edu
562,Simon Morville,History,2.39,925-152-7155,smorvillefl@mozilla.org
563,Rianon Vaugham,Science,2.36,682-306-2194,rvaughamfm@paginegialle.it
564,Klara Philps,Math,2.45,261-574-7247,kphilpsfn@imageshack.us
565,Stormi Spens,Science,1.63,663-167-1743,sspensfo@who.int
566,Terrie Swafford,Math,0.91,934-256-9279,tswaffordfp@economist.com
567,Gunar Jaspar,History,0.75,844-694-0367,gjasparfq@deviantart.com
568,Clovis Mawford,English,3.56,542-205-6535,cmawfordfr@army.mil
569,Katee McKenna,Science,0.53,264-517-5534,kmckennafs@constantcontact.com
570,Moselle Knibley,English,1.51,494-573-7391,mknibleyft@paypal.com
571,Carmelia Spracklin,Math,3.68,449-412-3594,cspracklinfu@who.int
572,Dedie Brittle,History,2.01,688-507-7375,dbrittlefv@soup.io
573,Chantal Kermitt,Math,1.71,500-536-8509,ckermittfw@csmonitor.com
574,Amelia Schroder,History,1.65,219-391-5308,aschroderfx@home.pl
575,Allin Elcoat,Science,1.33,992-112-9557,aelcoatfy@wufoo.com
576,Ricca Pieracci,Science,2.05,223-408-2783,rpieraccifz@yelp.com
577,Peter Dilley,History,0.17,330-181-9817,pdilleyg0@indiatimes.com
578,Claudius Jagels,Math,3.16,963-353-6483,cjagelsg1@microsoft.com
579,Sallie Brannigan,English,0.54,613-356-4368,sbrannigang2@163.com
580,Norbie Jestico,History,2.57,600-787-2764,njesticog3@youtube.com
581,Roi Forrest,English,1.37,915-785-6010,rforrestg4@who.int
582,Bobine Kinsell,Math,0.44,900-532-0763,bkinsellg5@posterous.com
583,Gene Chipp,Math,2.55,332-750-7503,gchippg6@paginegialle.it
584,Blakeley Beeken,Science,2.6,290-877-2614,bbeekeng7@over-blog.com
585,Marci Pelerin,Math,2.34,219-800-7311,mpelering8@mayoclinic.com
586,Karleen De Biasio,History,0.63,468-682-0789,kdeg9@examiner.com
587,Erie Laurenty,History,1.76,763-713-1871,elaurentyga@domainmarket.com
588,Gigi Theodore,Math,1.25,223-521-3637,gtheodoregb@scribd.com
589,Marty Jendricke,Science,2.92,884-550-2232,mjendrickegc@cafepress.com
590,Tobi Donahue,Science,2.9,893-596-8966,tdonahuegd@gov.uk
591,Dawna O'Gormley,English,1.38,121-818-2241,dogormleyge@sakura.ne.jp
592,Leanora Flament,English,1.1,671-740-9301,lflamentgf@sourceforge.net
593,Josie Goodsal,Math,1.3,328-764-4292,jgoodsalgg@blogger.com
594,Talbot Roantree,Science,2.48,893-773-6689,troantreegh@flavors.me
595,Jean Ondrousek,History,3.39,774-333-0103,jondrousekgi@technorati.com
596,Goran Burdge,History,3.19,714-513-1992,gburdgegj@apache.org
597,Dedie Benedict,English,0.7,556-590-6701,dbenedictgk@4shared.com
598,Eleanore Thrift,History,0.28,520-318-4064,ethriftgl@mashable.com
599,Inge Weddeburn - Scrimgeour,English,3.44,646-220-8330,iweddeburngm@nifty.com
600,Aubree Frankland,Math,0.3,387-625-2761,afranklandgn@tmall.com
601,Clem Petrolli,English,3.26,694-564-9520,cpetrolligo@plala.or.jp
602,Fredrick Spaunton,Science,3.59,814-490-8354,fspauntongp@arizona.edu
603,Cordelia Tebbit,History,0.45,627-815-6791,ctebbitgq@mayoclinic.com
604,Gerri Lemin,Science,3.53,864-201-5739,glemingr@indiatimes.com
605,Meryl Dresse,Science,0.01,966-451-3610,mdressegs@netscape.com
606,Brew Cornew,English,0.04,498-665-7137,bcornewgt@usnews.com
607,Halley Ellett,English,2.91,635-774-3023,hellettgu@devhub.com
608,Rickie Rex,History,1.46,663-233-2054,rrexgv@dot.gov
609,Dacey Carnier,History,2.36,978-450-8151,dcarniergw@spiegel.de
610,Klement Mazzei,English,0.72,896-628-9842,kmazzeigx@symantec.com
611,Mella Yakuntzov,Science,1.6,288-325-9830,myakuntzovgy@chronoengine.com
612,Kayley Pearcey,History,0.6,594-390-2836,kpearceygz@liveinternet.ru
613,Jo Aird,Science,3.9,581-506-6382,jairdh0@163.com
614,Philippine Eastlake,Science,2.1,101-172-2043,peastlakeh1@google.cn
615,Star Labusquiere,English,0.03,349-705-7498,slabusquiereh2@exblog.jp
616,Mahmoud Jarvie,History,1.9,466-769-1190,mjarvieh3@youtube.com
617,Brooks Metcalf,History,1.4,274-165-3409,bmetcalfh4@wp.com
618,Prescott Sarfati,History,3.14,695-419-7167,psarfatih5@ted.com
619,Falkner Sansam,Math,0.94,795-607-4745,fsansamh6@photobucket.com
620,Myles Holdall,History,1.83,278-586-7237,mholdallh7@earthlink.net
621,Clem Martini,English,0.24,562-107-2209,cmartinih8@myspace.com
622,Tillie Roofe,History,3.08,976-487-3209,troofeh9@discuz.net
623,Daisi Dunrige,English,0.68,970-850-2952,ddunrigeha@nifty.com
624,Kore Popping,Math,3.9,555-264-3275,kpoppinghb@t-online.de
625,Dolf Peteri,Math,0.48,541-429-3337,dpeterihc@quantcast.com
626,Kiri Iacomettii,History,1.56,455-578-5163,kiacomettiihd@newsvine.com
627,Reyna Cossons,English,0.92,663-635-7864,rcossonshe@odnoklassniki.ru
628,Saunderson Giuron,English,3.45,496-316-4319,sgiuronhf@free.fr
629,Dex Vevers,Science,0.13,704-771-5041,dvevershg@360.cn
630,Thornton Mullally,History,2.33,419-544-7750,tmullallyhh@redcross.org
631,Colline Jobern,Science,3.37,582-206-2231,cjobernhi@google.co.uk
632,Catlaina Skellon,Math,0.03,949-584-0573,cskellonhj@macromedia.com
633,Dennet Coldwell,Science,3.81,899-909-6149,dcoldwellhk@nba.com
634,Yoko Hiscoe,Math,3.13,994-346-3942,yhiscoehl@comcast.net
635,Gwennie Antoniades,History,2.87,973-815-6562,gantoniadeshm@bluehost.com
636,Dorette Vickars,Math,1.02,281-354-2253,dvickarshn@spotify.com
637,Mandie Jemmett,Math,0.08,847-393-6706,mjemmettho@wufoo.com
638,Shirline Fortnon,English,0.16,250-127-1745,sfortnonhp@github.com
639,Ellie Tesmond,History,1.27,333-453-5060,etesmondhq@a8.net
640,April Leys,Science,2.01,430-429-3697,aleyshr@patch.com
641,Carin Spridgen,English,3.11,385-182-2923,cspridgenhs@dell.com
642,Wainwright Goodfield,Math,3.77,706-313-0127,wgoodfieldht@facebook.com
643,Peggi Wetherby,Science,3.53,443-413-9739,pwetherbyhu@cpanel.net
644,Ashton Shay,English,2.17,978-323-7900,ashayhv@github.com
645,Cesare Norrey,English,1.69,464-654-8146,cnorreyhw@cbc.ca
646,Harlie Wassell,History,1.67,124-912-2790,hwassellhx@blogtalkradio.com
647,Janka Blissitt,English,2.74,992-482-7749,jblissitthy@indiegogo.com
648,Gottfried Lanaway,English,0.54,967-917-2508,glanawayhz@shutterfly.com
649,Savina Chilles,History,0.46,365-657-4672,schillesi0@loc.gov
650,Alley Mance,Math,1.43,411-440-5744,amancei1@oaic.gov.au
651,Millie Bayfield,English,0.05,488-412-3325,mbayfieldi2@ed.gov
652,Rodge Dearnley,Math,0.83,108-889-7826,rdearnleyi3@w3.org
653,Robinetta Stowers,History,0.57,544-589-1199,rstowersi4@unc.edu
654,Claiborn Nekrews,Science,1.13,736-388-1293,cnekrewsi5@about.com
655,Calvin Capron,History,1.89,120-783-4717,ccaproni6@wikipedia.org
656,Zak Loveredge,Science,2.38,796-328-7831,zloveredgei7@soundcloud.com
657,Joanna Minithorpe,Math,1.05,485-398-3090,jminithorpei8@nba.com
658,Caro Nornasell,Science,3.89,921-766-0553,cnornaselli9@state.tx.us
659,Niki Furmage,English,0.67,672-914-3630,nfurmageia@abc.net.au
660,Justus Burgill,Science,1.86,377-668-8273,jburgillib@si.edu
661,Charmane Calow,History,2.56,398-175-8285,ccalowic@csmonitor.com
662,Poppy Widdop,English,1.81,516-631-5885,pwiddopid@cargocollective.com
663,Kania Oertzen,Math,2.16,185-311-6083,koertzenie@vinaora.com
664,Artemas Gapp,Math,1.59,584-510-6516,agappif@unesco.org
665,Janey Arlidge,Math,3.37,444-790-8255,jarlidgeig@cnbc.com
666,Violetta Santore,Math,2.36,744-746-3522,vsantoreih@weebly.com
667,Joice Farquharson,Math,2.38,205-434-6951,jfarquharsonii@dagondesign.com
668,Alysa Seekings,Math,0.95,301-963-0009,aseekingsij@yahoo.co.jp
669,Dennison Parr,Science,1.49,620-671-3552,dparrik@cpanel.net
670,Phip Wallwood,English,2.24,545-588-3871,pwallwoodil@samsung.com
671,Fletcher Balfe,History,2.65,756-156-2471,fbalfeim@liveinternet.ru
672,Hort Stammirs,History,1.05,478-389-4984,hstammirsin@mozilla.com
673,Yurik Landre,English,1.16,634-952-0304,ylandreio@google.ca
674,Lindsay Calverley,History,0.88,705-501-0126,lcalverleyip@exblog.jp
675,Kelley Roddick,History,2.46,102-559-5039,kroddickiq@zdnet.com
676,Maisey Muckeen,History,2.2,713-152-1190,mmuckeenir@noaa.gov
677,Kizzee Darke,Math,3.36,386-383-7699,kdarkeis@umich.edu
678,Adela Castellini,English,1.22,731-516-5774,acastelliniit@sogou.com
679,Lexi Haighton,History,2.29,170-507-7830,lhaightoniu@ebay.co.uk
680,Vonny Kachel,Science,1.02,689-631-4440,vkacheliv@unc.edu
681,Leena Gillio,English,1.75,991-311-9363,lgillioiw@blogspot.com
682,Wally Mollitt,Science,2.07,672-437-6681,wmollittix@addtoany.com
683,Natty Mulvy,English,3.6,256-680-0615,nmulvyiy@nps.gov
684,Purcell Pellingar,English,0.93,863-976-8775,ppellingariz@mozilla.org
685,Sidnee Fadell,Math,3.61,378-326-6601,sfadellj0@instagram.com
686,Hayes Sambrok,History,2.44,248-895-7797,hsambrokj1@theatlantic.com
687,Guthry Widger,Science,1.12,688-857-9338,gwidgerj2@51.la
688,Ceil Gulberg,Science,0.67,612-201-1755,cgulbergj3@list-manage.com
689,Marga Strase,English,0.73,187-469-0429,mstrasej4@weebly.com
690,Adamo Cullerne,Math,3.97,625-666-6344,acullernej5@intel.com
691,Dyann Jeandot,English,3.15,319-447-4693,djeandotj6@state.gov
692,Trumaine De Hoogh,English,0.69,620-578-0879,tdej7@ning.com
693,Nadiya Yakuntsov,History,3.87,509-260-2653,nyakuntsovj8@ihg.com
694,Steffie Lashley,Math,0.32,178-658-1151,slashleyj9@fastcompany.com
695,Ebba Spacie,Science,3.79,476-582-6870,espacieja@youtube.com
696,Ignazio Longworthy,Math,2.98,166-156-0670,ilongworthyjb@springer.com
697,Drew Donalson,English,1.6,230-513-5993,ddonalsonjc@bigcartel.com
698,Lara Southwood,Science,2.67,642-413-1402,lsouthwoodjd@sohu.com
699,Lacee Goodredge,Math,2.36,725-890-5528,lgoodredgeje@github.com
700,Lolita Halgarth,Science,1.25,224-910-2131,lhalgarthjf@soundcloud.com
701,Devinne Townby,Science,0.69,299-863-0157,dtownbyjg@hc360.com
702,Adam Upham,History,3.1,897-623-7303,auphamjh@xinhuanet.com
703,Cleo Hort,History,1.34,419-483-3339,chortji@github.com
704,Desi Karpinski,English,3.99,387-613-3511,dkarpinskijj@lulu.com
705,Land Rennix,Math,2.82,976-344-9044,lrennixjk@1688.com
706,Minetta Verbrugghen,English,0.82,905-447-2942,mverbrugghenjl@linkedin.com
707,Meier Slimme,English,0.19,364-432-2807,mslimmejm@toplist.cz
708,Leese Scarfe,Science,2.77,507-760-9234,lscarfejn@linkedin.com
709,Correy Molfino,Science,0.92,765-942-7425,cmolfinojo@gravatar.com
710,Tedman Stennett,Science,2.79,159-211-1136,tstennettjp@craigslist.org
711,Maurita Haslock,Science,3.77,642-144-3465,mhaslockjq@nydailynews.com
712,Jamison Thireau,History,2.62,907-921-7580,jthireaujr@163.com
713,Aurelea Lodovichi,Science,2.38,559-208-7573,alodovichijs@webs.com
714,Robin Pennacci,History,2.97,659-584-1141,rpennaccijt@jalbum.net
715,Fedora Gallon,English,3.02,679-613-5845,fgallonju@google.com.au
716,Eleonora O'Heaney,Science,3.19,993-109-8877,eoheaneyjv@dion.ne.jp
717,Sterling Blasli,History,3.58,602-271-8510,sblaslijw@behance.net
718,Bronson Baroche,History,0.04,413-929-1337,bbarochejx@wsj.com
719,Agna Saxelby,English,2.08,291-927-0266,asaxelbyjy@usda.gov
720,Swen Money,History,2.7,735-500-5831,smoneyjz@addthis.com
721,Xerxes Rockell,English,3.74,355-472-1560,xrockellk0@intel.com
722,Hana Manser,Math,3.53,728-940-1487,hmanserk1@taobao.com
723,Ansell Tzarkov,Math,1.56,319-855-2777,atzarkovk2@jimdo.com
724,Piotr Novakovic,English,3.64,100-767-1750,pnovakovick3@webnode.com
725,Salaidh Worsham,English,0.45,858-175-1135,sworshamk4@fastcompany.com
726,Dante Tessier,Math,1.28,281-293-2972,dtessierk5@eepurl.com
727,Corrie Billsberry,English,2.28,188-742-5784,cbillsberryk6@deliciousdays.com
728,Gaultiero Piatek,Math,0.94,300-879-6640,gpiatekk7@google.pl
729,Sarene Brewis,English,2.01,521-456-4453,sbrewisk8@bluehost.com
730,Olly Clothier,English,0.2,976-926-2944,oclothierk9@google.ca
731,Steffen Slater,Math,2.56,857-900-0757,sslaterka@columbia.edu
732,Meaghan Mattiessen,Science,1.24,183-376-8377,mmattiessenkb@ucsd.edu
733,Shellysheldon Kemish,Math,3.04,449-446-1486,skemishkc@blogs.com
734,Eden Bythway,Math,0.54,216-757-4519,ebythwaykd@google.com.br
735,Maia Bielfelt,Science,0.9,763-363-1669,mbielfeltke@alexa.com
736,Maxy Neem,History,2.54,907-967-0134,mneemkf@i2i.jp
737,Sheeree Ledram,Science,2.41,833-781-1789,sledramkg@skype.com
738,Kirbie Dubs,Science,0.39,506-969-6628,kdubskh@chicagotribune.com
739,Federico Caulwell,Science,0.66,379-526-6452,fcaulwellki@wunderground.com
740,Orran Woollett,Math,0.36,653-770-6031,owoollettkj@businesswire.com
741,Sheffy Rosell,English,0.86,310-645-7986,srosellkk@bbc.co.uk
742,Caddric Reeders,English,2.89,764-477-1708,creederskl@youtube.com
743,Edwina Heavens,English,0.94,295-630-1378,eheavenskm@blogger.com
744,Carmelita Brigman,Math,0.6,875-577-9083,cbrigmankn@histats.com
745,Jacklyn Knapman,Math,3.18,551-459-0681,jknapmanko@angelfire.com
746,Geno Chesterfield,English,1.12,964-925-8538,gchesterfieldkp@usda.gov
747,Bree Clardge,Science,0.28,247-561-4549,bclardgekq@github.io
748,Renate Chauvey,History,3.77,355-746-6639,rchauveykr@histats.com
749,Evie Josskowitz,History,0.73,112-135-8545,ejosskowitzks@fastcompany.com
750,Baxie Whoolehan,English,0.0,326-870-6061,bwhoolehankt@cnn.com
751,Kelly Navarre,Science,3.97,910-689-5517,knavarreku@europa.eu
752,Arte Di Boldi,Math,3.53,302-549-3458,adikv@hugedomains.com
753,Wallas Gioan,History,1.15,104-234-9340,wgioankw@tumblr.com
754,Yvonne Bartaloni,English,0.77,207-728-2551,ybartalonikx@phpbb.com
755,La verne Mancer,Science,1.48,904-756-5286,lverneky@marriott.com
756,Lucretia Guild,English,2.72,212-145-3865,lguildkz@umn.edu
757,Leandra Balden,English,2.86,660-453-3839,lbaldenl0@reddit.com
758,Gavra Faussett,Math,2.56,885-255-7740,gfaussettl1@nba.com
759,Hadleigh Garthshore,English,3.66,619-423-2044,hgarthshorel2@oracle.com
760,Janeta Matuska,Math,0.63,483-781-7118,jmatuskal3@printfriendly.com
761,Francis Stuckes,English,0.14,468-327-0904,fstuckesl4@tripadvisor.com
762,Catlee Muro,History,0.79,230-101-2347,cmurol5@youtu.be
763,Jeffrey Askam,English,3.7,239-401-0328,jaskaml6@skyrock.com
764,Abigael Plesing,English,2.23,844-416-1631,aplesingl7@deviantart.com
765,Nick MacKartan,Science,2.28,766-563-2111,nmackartanl8@symantec.com
766,Tammie Ofer,English,0.73,914-866-0235,toferl9@usgs.gov
767,Shelden Pallaske,English,3.47,397-932-9880,spallaskela@joomla.org
768,Burr Payton,History,1.52,185-947-3100,bpaytonlb@shinystat.com
769,Stefanie Broseke,English,0.03,764-222-1600,sbrosekelc@thetimes.co.uk
770,Carter Dene,Math,1.66,781-480-8174,cdeneld@ow.ly
771,Donetta Pearsey,History,0.62,344-419-4906,dpearseyle@reddit.com
772,Ashlen Beekmann,English,0.88,272-727-7873,abeekmannlf@cnet.com
773,Jacobo Orleton,History,0.12,742-115-7654,jorletonlg@skype.com
774,Sonja Syseland,History,0.09,144-393-1460,ssyselandlh@joomla.org
775,Lovell Eagar,Science,0.75,944-713-1974,leagarli@sciencedaily.com
776,Kathye Edel,English,1.61,748-753-7987,kedellj@house.gov
777,Cassie Schrinel,History,2.55,973-933-0539,cschrinellk@yahoo.com
778,Therine Quirk,Science,3.16,203-796-3884,tquirkll@rambler.ru
779,Lucie Commander,English,2.93,528-535-6280,lcommanderlm@uiuc.edu
780,Karel Heavy,English,1.94,574-922-7814,kheavyln@smh.com.au
781,James Itter,Science,2.36,982-722-6873,jitterlo@wix.com
782,Claudio Gludor,History,2.7,149-785-7040,cgludorlp@virginia.edu
783,Lenci Honeywood,History,3.11,669-986-4368,lhoneywoodlq@php.net
784,Carita Enns,Science,0.73,602-509-1798,cennslr@soup.io
785,Linet Pavelin,English,1.49,783-707-3197,lpavelinls@dmoz.org
786,Ethel Donke,Science,1.72,707-940-1407,edonkelt@phpbb.com
787,Norine Goulding,History,1.46,923-684-6159,ngouldinglu@zimbio.com
788,Jane Wannan,Science,1.43,361-606-7498,jwannanlv@qq.com
789,Jules Gavrieli,Science,2.14,633-833-9003,jgavrielilw@dedecms.com
790,Orbadiah Assur,Math,2.71,176-239-1969,oassurlx@blogtalkradio.com
791,Cosme Ramsier,English,2.0,552-222-6474,cramsierly@msn.com
792,Alfie Stanlack,Math,0.81,466-435-2791,astanlacklz@dyndns.org
793,Conrado MacSporran,Math,1.8,391-278-4464,cmacsporranm0@house.gov
794,Seward Ellison,Math,0.14,530-200-0243,sellisonm1@npr.org
795,Allina Collinwood,Science,3.52,356-863-4359,acollinwoodm2@reddit.com
796,Ruthie Cranidge,History,0.55,865-769-6450,rcranidgem3@cdc.gov
797,Matty Mordecai,English,0.31,820-958-2637,mmordecaim4@marketwatch.com
798,Chrissie Riddler,English,2.66,351-284-6172,criddlerm5@bizjournals.com
799,Doralia Arnall,History,1.43,254-208-1187,darnallm6@archive.org
800,Corabel Haliburn,Math,2.51,833-102-5838,chaliburnm7@cdbaby.com
801,Corrianne Wookey,English,1.63,851-823-7351,cwookeym8@wisc.edu
802,Belia Rahl,English,1.35,713-664-8681,brahlm9@census.gov
803,Amalea Kuschke,English,0.2,924-354-7802,akuschkema@wp.com
804,Ermentrude Dayton,English,2.78,471-317-7701,edaytonmb@woothemes.com
805,Viv Frazer,History,1.01,570-660-5037,vfrazermc@berkeley.edu
806,Consuela Ladlow,English,0.55,720-692-8996,cladlowmd@multiply.com
807,Clemmy Oleshunin,Math,1.64,661-839-0595,coleshuninme@mtv.com
808,Jaquith Tuffield,Science,3.17,827-139-8265,jtuffieldmf@jiathis.com
809,Dennet Oris,History,1.53,982-524-8475,dorismg@wisc.edu
810,Saleem Heamus,History,1.2,588-579-6507,sheamusmh@paginegialle.it
811,Adah Patient,English,3.2,513-876-1403,apatientmi@ihg.com
812,Gamaliel Delete,Math,2.41,837-438-4632,gdeletemj@cnet.com
813,Brant Ezele,Math,2.55,298-430-5825,bezelemk@newyorker.com
814,Matthaeus Gayforth,History,1.07,917-758-6593,mgayforthml@netlog.com
815,Conrade Mc Corley,Science,2.11,103-631-1125,cmcmm@uiuc.edu
816,Nikaniki Humbey,Science,1.99,947-526-8491,nhumbeymn@nationalgeographic.com
817,Bert Maymond,Math,3.6,968-511-9623,bmaymondmo@histats.com
818,Erika Douthwaite,Math,2.14,760-743-4065,edouthwaitemp@webmd.com
819,Washington Sleith,English,0.03,219-467-8380,wsleithmq@dagondesign.com
820,Sheryl Reaney,Science,1.03,637-731-9546,sreaneymr@yellowbook.com
821,Anthia Wrintmore,History,2.37,343-227-8696,awrintmorems@ed.gov
822,Erwin Manktelow,History,3.57,196-901-0997,emanktelowmt@wsj.com
823,Daniela Redon,Science,1.71,863-972-8236,dredonmu@amazon.com
824,Hobard O'Kane,Science,1.91,513-400-3765,hokanemv@mtv.com
825,Krystalle Easson,Science,3.3,528-585-0250,keassonmw@independent.co.uk
826,Peggie Meachen,English,3.13,591-977-9112,pmeachenmx@cdc.gov
827,Gilburt Chazette,History,0.88,503-615-5383,gchazettemy@hao123.com
828,Jack Sheere,Math,3.55,631-124-2862,jsheeremz@shareasale.com
829,Armin Pounds,Math,0.83,703-420-0457,apoundsn0@flavors.me
830,Darline Laverock,Science,3.68,536-979-3116,dlaverockn1@baidu.com
831,Russ Guiso,English,0.43,874-438-3673,rguison2@marketwatch.com
832,Merilee Caplen,History,2.18,260-499-9648,mcaplenn3@clickbank.net
833,Coretta Letherbury,History,0.83,142-639-9202,cletherburyn4@diigo.com
834,Daren Dunstone,History,3.94,109-494-1258,ddunstonen5@latimes.com
835,Laurens Fairclough,Math,1.68,164-479-4336,lfaircloughn6@patch.com
836,Naoma Ifill,Science,3.05,839-163-8014,nifilln7@uiuc.edu
837,Dorelia Konmann,English,3.8,346-561-8916,dkonmannn8@typepad.com
838,Pauli Stammler,History,1.79,674-701-9126,pstammlern9@liveinternet.ru
839,Olympie Leathard,History,1.84,699-577-6897,oleathardna@jimdo.com
840,Patti Pratley,Math,2.24,282-372-9436,ppratleynb@webs.com
841,Livvy Golder,English,3.29,443-925-1024,lgoldernc@vistaprint.com
842,Maridel Westcott,Math,3.23,323-439-6828,mwestcottnd@storify.com
843,Celia Perrin,Science,3.85,522-946-2952,cperrinne@yellowbook.com
844,Robbie Spatarul,Math,0.49,915-720-2000,rspatarulnf@ibm.com
845,Maryjane Hagstone,Math,2.65,313-776-6191,mhagstoneng@studiopress.com
846,Roselia Bradden,Science,2.41,727-525-0513,rbraddennh@theglobeandmail.com
847,Beauregard Mogridge,History,1.42,902-996-6171,bmogridgeni@woothemes.com
848,Sumner Borzoni,History,2.77,667-650-5071,sborzoninj@so-net.ne.jp
849,Paolo Burehill,Science,2.12,653-195-6124,pburehillnk@odnoklassniki.ru
850,Flossy Bliven,English,2.91,887-802-6604,fblivennl@dyndns.org
851,Ray Stampe,Science,1.99,540-194-5166,rstampenm@discovery.com
852,Brigg Barlee,English,3.86,124-975-5690,bbarleenn@earthlink.net
853,Renee Merriott,History,3.81,656-849-8088,rmerriottno@artisteer.com
854,Adriano Fearns,History,0.2,690-586-5521,afearnsnp@columbia.edu
855,Marillin Hatcher,Math,3.95,949-519-6446,mhatchernq@friendfeed.com
856,Corri Kubes,Math,1.96,803-697-2760,ckubesnr@arizona.edu
857,Ninnetta Ricardo,Math,0.8,275-935-1227,nricardons@elegantthemes.com
858,Carmel Serot,English,2.33,122-621-6695,cserotnt@nydailynews.com
859,Allys Malmar,English,1.04,863-121-7494,amalmarnu@microsoft.com
860,Adelina Tudhope,Math,2.25,807-103-0767,atudhopenv@technorati.com
861,Margette Chiechio,Math,3.01,394-580-6484,mchiechionw@mapquest.com
862,Ingeberg Petroff,History,0.72,723-745-0894,ipetroffnx@google.fr
863,Niles Heineking,English,3.05,674-490-1237,nheinekingny@buzzfeed.com
864,Sabrina Pattington,English,0.42,613-363-5074,spattingtonnz@purevolume.com
865,Conrade Jephson,English,1.55,229-646-7543,cjephsono0@loc.gov
866,Anastasie Linnane,Science,1.64,494-782-1122,alinnaneo1@skype.com
867,Vikki Burns,Science,1.3,499-936-9267,vburnso2@craigslist.org
868,Leshia Lawrey,English,3.14,657-525-0481,llawreyo3@woothemes.com
869,Ulrica Janiak,English,0.84,207-208-0120,ujaniako4@woothemes.com
870,Craig Hollows,Science,0.88,347-781-9841,chollowso5@4shared.com
871,Archibold Suthworth,History,1.08,128-109-5734,asuthwortho6@zimbio.com
872,Georgette Leggott,Math,1.68,644-779-6628,gleggotto7@businesswire.com
873,Kevan Broadis,Math,0.75,672-175-7325,kbroadiso8@jigsy.com
874,Chrisy Fuentes,English,4.0,921-293-9545,cfuenteso9@seesaa.net
875,Amalle Frear,History,1.12,836-581-8927,afrearoa@globo.com
876,Margeaux Chandlar,History,1.21,871-459-1957,mchandlarob@paypal.com
877,Joly Mazonowicz,History,0.11,491-384-2842,jmazonowiczoc@cnet.com
878,Hubie Christall,English,3.92,597-697-1362,hchristallod@miitbeian.gov.cn
879,Gillie Winpenny,English,0.87,348-861-6480,gwinpennyoe@europa.eu
880,Shelley Giorgioni,Math,1.04,863-898-3660,sgiorgioniof@dyndns.org
881,Gil Arnau,English,3.34,379-644-3656,garnauog@noaa.gov
882,Nappie Baines,English,0.99,650-480-6589,nbainesoh@patch.com
883,Hugh Ramalhete,Math,2.58,681-985-2072,hramalheteoi@samsung.com
884,Barret Craine,Science,2.97,653-197-5523,bcraineoj@theguardian.com
885,Martelle Chilcotte,Science,1.49,499-961-2387,mchilcotteok@istockphoto.com
886,Sadella Haysey,History,1.34,782-563-2088,shayseyol@topsy.com
887,Harcourt Fairlam,Math,1.63,932-646-8946,hfairlamom@ifeng.com
888,Melania Newstead,Science,3.21,843-347-4073,mnewsteadon@diigo.com
889,Cesaro Sutty,Science,1.3,321-529-4737,csuttyoo@cbc.ca
890,Bald Iori,Science,1.42,956-669-6789,bioriop@sciencedirect.com
891,Raychel Yoslowitz,History,0.01,667-484-5968,ryoslowitzoq@engadget.com
892,Hayward Lockitt,English,2.42,143-470-9892,hlockittor@unicef.org
893,Frannie Baroc,English,0.8,429-941-3626,fbarocos@ning.com
894,Jackie Curds,English,2.66,791-664-8493,jcurdsot@list-manage.com
895,Rozina Waistall,Math,3.2,396-470-5400,rwaistallou@icq.com
896,Sher MacUchadair,Science,1.71,315-395-1241,smacuchadairov@ucoz.ru
897,Sherwin Bailes,English,3.44,794-345-4026,sbailesow@nydailynews.com
898,Axe Yare,English,2.28,710-268-4157,ayareox@howstuffworks.com
899,Modesty Drewett,English,0.42,107-629-2744,mdrewettoy@china.com.cn
900,Augusto Helstrom,Math,3.53,893-893-3433,ahelstromoz@is.gd
901,Anton Letford,Science,2.16,316-355-3272,aletfordp0@globo.com
902,Clive Bukac,Math,3.14,785-614-7613,cbukacp1@google.com.au
903,Marlow Pittman,Science,1.78,372-801-7304,mpittmanp2@prnewswire.com
904,Laurena Topham,History,3.51,407-188-7613,ltophamp3@ask.com
905,Carita Altree,English,3.88,948-965-4295,caltreep4@skype.com
906,Shelley Garron,Math,2.57,284-946-8921,sgarronp5@wikispaces.com
907,Malchy Redler,Math,2.62,529-216-9194,mredlerp6@chicagotribune.com
908,Gusta Ewers,History,1.95,741-926-8772,gewersp7@wufoo.com
909,Titus Shimoni,Math,3.01,295-884-1508,tshimonip8@intel.com
910,Brandais Jacquet,English,3.29,137-417-8616,bjacquetp9@house.gov
911,Bron Laurenson,Science,0.18,767-173-7038,blaurensonpa@weibo.com
912,Zandra Gendricke,Science,3.24,188-867-9239,zgendrickepb@google.com.au
913,Mord Sandifer,History,1.13,134-656-5707,msandiferpc@phoca.cz
914,Amanda Osgarby,Math,0.14,376-506-5374,aosgarbypd@skype.com
915,Carlie Sturge,English,3.13,705-339-0854,csturgepe@gov.uk
916,Shelton Olivas,Math,1.41,308-111-1122,solivaspf@geocities.com
917,Juditha Thraves,History,2.38,834-519-6470,jthravespg@twitter.com
918,Beatrix Easterling,Math,1.82,145-137-0587,beasterlingph@scientificamerican.com
919,Bill Rowles,English,2.66,867-205-7700,browlespi@mtv.com
920,Aurelia Truscott,English,2.86,175-224-6142,atruscottpj@theguardian.com
921,Corinna Fleote,Math,3.94,287-342-8653,cfleotepk@jugem.jp
922,Angel Hannigan,English,3.05,553-503-3976,ahanniganpl@opensource.org
923,Gaultiero Baythorp,History,3.09,760-450-6211,gbaythorppm@newsvine.com
924,Cad Hackwell,Science,0.61,965-916-2585,chackwellpn@de.vu
925,Hammad Coad,English,2.79,285-428-9683,hcoadpo@phpbb.com
926,Ethelred Crockford,Math,3.64,408-423-2293,ecrockfordpp@oaic.gov.au
927,Tilly Biset,Science,1.86,753-112-8014,tbisetpq@economist.com
928,Cece Danes,Science,3.86,689-162-1904,cdanespr@ucoz.ru
929,Marleah Yakushkin,Math,2.22,128-868-0072,myakushkinps@yolasite.com
930,Pearle Gonnely,History,3.79,208-714-8410,pgonnelypt@unc.edu
931,Delcine Telford,History,3.24,534-848-2013,dtelfordpu@slashdot.org
932,Kaile Charopen,English,1.51,523-480-8328,kcharopenpv@discuz.net
933,Odell Davidavidovics,Math,1.17,694-109-7844,odavidavidovicspw@usa.gov
934,Carlina Treswell,Math,1.43,847-666-6396,ctreswellpx@privacy.gov.au
935,Sharia Brumwell,Science,0.48,960-716-2052,sbrumwellpy@artisteer.com
936,Gideon Petrushanko,Math,3.95,278-259-3903,gpetrushankopz@mayoclinic.com
937,Barbabra Culkin,Science,0.99,909-677-6858,bculkinq0@multiply.com
938,Piggy Sesons,English,3.31,566-837-1730,psesonsq1@issuu.com
939,Caspar Berrecloth,History,0.13,212-127-8506,cberreclothq2@networksolutions.com
940,Ainslee Palfreman,Math,2.65,204-392-4039,apalfremanq3@usgs.gov
941,Rafa Spolton,Math,0.8,926-858-3213,rspoltonq4@deliciousdays.com
942,Colette Stickels,History,1.31,387-694-5537,cstickelsq5@howstuffworks.com
943,Nalani Cookney,History,3.22,862-268-3027,ncookneyq6@webnode.com
944,Babb Hansley,Math,2.14,738-902-3667,bhansleyq7@com.com
945,Sloan Weblin,History,0.51,358-958-1879,sweblinq8@tinypic.com
946,Mathew Godson,Math,1.4,831-222-2230,mgodsonq9@accuweather.com
947,Alika Tiltman,English,3.82,775-299-5285,atiltmanqa@nih.gov
948,Hymie Mioni,History,1.19,638-297-3747,hmioniqb@msn.com
949,Annnora Woodcock,Science,1.3,252-592-5865,awoodcockqc@unesco.org
950,Shoshanna Eassom,History,0.78,787-639-5945,seassomqd@jigsy.com
951,Jan Cultcheth,Science,2.73,872-335-6029,jcultchethqe@state.tx.us
952,Rosemaria Ferreri,Science,3.02,484-917-8161,rferreriqf@wikispaces.com
953,Clevie Schettini,Science,1.3,442-772-5298,cschettiniqg@harvard.edu
954,Stacy Wickett,History,1.22,844-214-8660,swickettqh@youtu.be
955,Ally De Dantesie,English,3.29,680-465-3020,adeqi@epa.gov
956,Jereme Maplesden,Math,3.04,613-894-1366,jmaplesdenqj@army.mil
957,Willetta Craghead,Math,1.66,808-750-2382,wcragheadqk@dailymail.co.uk
958,Colleen Shailer,Science,0.79,766-756-9207,cshailerql@yahoo.com
959,Holden Harefoot,English,2.43,902-617-0393,hharefootqm@businessweek.com
960,Joete Brient,Science,3.16,835-698-1676,jbrientqn@amazon.com
961,Nikoletta Bruineman,History,1.32,592-174-6021,nbruinemanqo@theguardian.com
962,Alexis Bote,English,2.34,859-607-8054,aboteqp@indiegogo.com
963,Ogdon Spaule,Math,2.96,514-567-3497,ospauleqq@bandcamp.com
964,Ethe Semple,English,0.69,647-488-2076,esempleqr@ucoz.ru
965,Katha Willans,English,2.82,578-260-6401,kwillansqs@cargocollective.com
966,Sunshine Gartland,History,1.68,664-754-3715,sgartlandqt@odnoklassniki.ru
967,Vitoria Whimp,Science,3.22,796-137-0561,vwhimpqu@bluehost.com
968,Fax Bowater,History,0.56,619-269-3681,fbowaterqv@aol.com
969,Denice Grovier,Science,3.17,890-599-4997,dgrovierqw@businessweek.com
970,Ray McCool,English,1.83,150-885-3232,rmccoolqx@is.gd
971,Emile Jandel,Math,1.85,124-803-1150,ejandelqy@examiner.com
972,Jena Schirak,Math,3.36,863-287-8443,jschirakqz@hhs.gov
973,Vidovic Shepland,Science,3.55,824-627-0833,vsheplandr0@senate.gov
974,Billye Godlonton,History,2.14,779-701-9954,bgodlontonr1@webnode.com
975,Svend Dumberell,English,0.81,355-782-2270,sdumberellr2@census.gov
976,Merry Benck,History,2.43,476-431-7714,mbenckr3@furl.net
977,Tyson Powney,Math,0.53,632-657-7080,tpowneyr4@slate.com
978,Tuckie Friatt,Science,0.45,732-747-5868,tfriattr5@slashdot.org
979,Manolo Sitlington,English,1.39,868-337-2520,msitlingtonr6@huffingtonpost.com
980,Ambrosio Baudouin,Science,3.49,659-986-6807,abaudouinr7@skyrock.com
981,De witt Novello,Math,0.01,207-668-5221,dwittr8@indiatimes.com
982,Clarey Boldra,Math,0.28,131-487-2110,cboldrar9@ftc.gov
983,Marmaduke Blakebrough,History,3.84,785-995-8562,mblakebroughra@cisco.com
984,Rutledge Ullyatt,History,2.87,879-771-5361,rullyattrb@msu.edu
985,Dorry Kasher,Science,3.35,797-429-8111,dkasherrc@sakura.ne.jp
986,Byrann Sweet,English,2.47,294-867-2634,bsweetrd@odnoklassniki.ru
987,Borg Chesney,English,2.74,757-885-3804,bchesneyre@xrea.com
988,Jasen Dominik,History,1.36,915-123-0304,jdominikrf@zimbio.com
989,Cull Dimmne,Science,0.43,607-132-5170,cdimmnerg@de.vu
990,Kathryne Ternent,English,3.52,763-521-6780,kternentrh@theatlantic.com
991,Tatiana Riatt,Science,1.51,727-876-9246,triattri@marriott.com
992,Willie Bowick,Math,0.58,970-724-7464,wbowickrj@hatena.ne.jp
993,Dame Pylkynyton,Math,2.9,211-560-6564,dpylkynytonrk@indiatimes.com
994,Clayson Freda,History,0.22,961-746-2035,cfredarl@google.es
995,Hank Wynne,Math,0.59,327-929-9292,hwynnerm@discuz.net
996,Vince Murdy,Science,0.11,430-548-1758,vmurdyrn@kickstarter.com
997,Maye Cicconetti,Science,1.72,493-100-7896,mcicconettiro@vistaprint.com
998,Brnaba Anstead,Science,3.62,645-151-0042,bansteadrp@ca.gov
999,Carolus Giannazzi,English,0.92,467-189-5889,cgiannazzirq@hostgator.com
1000,Christian Worvell,Math,3.78,672-466-5592,cworvellrr@google.ca
